<?xml version="1.0" encoding="ISO-8859-1"?>

<?pcbinfo name="S-101_0.8_ENC Product Specification_NewSyms" fieldOfApplication="WithNewSyms" scope="Testing" versionDate="2014-07-01T18:56:34+0000" user="Test User" organization="IHO-Test"?>
<portrayalCatalog xmlns:xsl="http://www.w3.org/2001/XMLSchema" productId="S-100" version="1.0">
  <pixmaps/>
  <colorProfiles>
    <colorProfile id="sample1">
      <description>
        <name>sample1</name>
        <description>color profile with day colors for testing</description>
        <language>en</language>
      </description>
      <fileName>colorProfile.xml</fileName>
      <fileType>ColorProfile</fileType>
      <fileFormat>XML</fileFormat>
    </colorProfile>
  </colorProfiles>
  <symbols>
    <symbol id="SCARRW01">
      <description>
        <name>SCARRW01</name>
        <description>symbol for airport as a point</description>
        <language>en</language>
      </description>
      <fileName>SCARRW01.svg</fileName>
      <fileType>Symbol</fileType>
      <fileFormat>SVG</fileFormat>
    </symbol>
    <symbol id="SCARRW02">
      <description>
        <name>SCARRW02</name>
        <description>symbol for airport as a point</description>
        <language>en</language>
      </description>
      <fileName>SCARRW02.svg</fileName>
      <fileType>Symbol</fileType>
      <fileFormat>SVG</fileFormat>
    </symbol>
    <symbol id="SCARRW03">
      <description>
        <name>SCARRW03</name>
        <description>symbol for airport as a point</description>
        <language>en</language>
      </description>
      <fileName>SCARRW03.svg</fileName>
      <fileType>Symbol</fileType>
      <fileFormat>SVG</fileFormat>
    </symbol>
    <symbol id="SCARRW04">
      <description>
        <name>SCARRW04</name>
        <description>symbol for airport as a point</description>
        <language>en</language>
      </description>
      <fileName>SCARRW04.svg</fileName>
      <fileType>Symbol</fileType>
      <fileFormat>SVG</fileFormat>
    </symbol>
    <symbol id="SCARRW05">
      <description>
        <name>SCARRW05</name>
        <description>symbol for airport as a point</description>
        <language>en</language>
      </description>
      <fileName>SCARRW05.svg</fileName>
      <fileType>Symbol</fileType>
      <fileFormat>SVG</fileFormat>
    </symbol>
    <symbol id="SCARRW06">
      <description>
        <name>SCARRW06</name>
        <description>symbol for airport as a point</description>
        <language>en</language>
      </description>
      <fileName>SCARRW06.svg</fileName>
      <fileType>Symbol</fileType>
      <fileFormat>SVG</fileFormat>
    </symbol>
    <symbol id="SCARRW07">
      <description>
        <name>SCARRW07</name>
        <description>symbol for airport as a point</description>
        <language>en</language>
      </description>
      <fileName>SCARRW07.svg</fileName>
      <fileType>Symbol</fileType>
      <fileFormat>SVG</fileFormat>
    </symbol>
    <symbol id="SCARRW08">
      <description>
        <name>SCARRW08</name>
        <description>symbol for airport as a point</description>
        <language>en</language>
      </description>
      <fileName>SCARRW08.svg</fileName>
      <fileType>Symbol</fileType>
      <fileFormat>SVG</fileFormat>
    </symbol>
    <symbol id="SCARRW09">
      <description>
        <name>SCARRW09</name>
        <description>symbol for airport as a point</description>
        <language>en</language>
      </description>
      <fileName>SCARRW09.svg</fileName>
      <fileType>Symbol</fileType>
      <fileFormat>SVG</fileFormat>
    </symbol>
  </symbols>
  <lineStyles/>
  <areaFills/>
  <font/>
  <viewingGroups/>
  <foundationMode/>
  <viewingGroupLayers/>
  <displayModes/>
  <displayPlane/>
  <context/>
  <rules>
    <ruleFile id="1">
      <description>
        <name>SurfaceCurrent</name>
        <description>Surface Current</description>
        <language>en</language>
      </description>
      <fileName>SurfaceCurrent.xsl</fileName>
      <fileType>Rule</fileType>
      <fileFormat>XSLT</fileFormat>
      <ruleType>SubTemplate</ruleType>
    </ruleFile>
    <ruleFile id="2">
      <description>
        <name>select_arrow</name>
        <description>Surface Current</description>
        <language>en</language>
      </description>
      <fileName>select_arrow.xsl</fileName>
      <fileType>Rule</fileType>
      <fileFormat>XSLT</fileFormat>
      <ruleType>SubTemplate</ruleType>
    </ruleFile>
  </rules>
</portrayalCatalog>